title,authors,year,venue,doi,source_db,url
反无人机集群作战效能评估研究综述,,2026,,,cnki,https://kns.cnki.net/kcms2/article/abstract?v=j0ZbOfXgIAgmTRmMcoaiLlJjNxTqsJby2aosKLSRkBlPQcxtw9xYRMQ191h5dg391GqGyFupgYaGavI43pOxywShbZgIql4MlvIJS21tMMcURo2RV9Te5JKapi7JfkTRxLdCQj9sduEG9531NfgwJK0P-qpHjs3UE-BSQMn1SKdadRwISa9oHg==&uniplatform=NZKPT&language=CHS
基于分层策略优化与多约束惩罚的反无人机任务分配算法,,2026,,,cnki,https://kns.cnki.net/kcms2/article/abstract?v=j0ZbOfXgIAh-HdDus62-iCh2T18pLbT94ahZNhwSiTHZ0LOvXEC6ilEPjo3GqXsVk30toaESozydKDZYaTTni-E5xYd8S19ldwx1ICwZbDhxpiDLwWSvxKKRSZzts_YQMY-bO7yS8uNwsU43NMbnd7Er-JREYP2JZFAhGCDhGaVhk_LlqxFqTg==&uniplatform=NZKPT&language=CHS
2025年无人机热点回眸,,2026,,,cnki,https://kns.cnki.net/kcms2/article/abstract?v=j0ZbOfXgIAh-HdDus62-iCh2T18pLbT9n7Iq8Emfqqw5r8Wrrz-woaa3JVk4v7Z1q42YKL2Ai5W7yzmIMa9Vg8CoN6cmL_y5qBXYd6StgToULF5sPct512B6xSKERVK8oZ3cry4wbJib23_nVIL6lAOsMT7ckB6bqPtbCxews6DFGfEzK9H44w==&uniplatform=NZKPT&language=CHS
对未来反无人机集群体系的思考：技术路径与发展方向,,2025,,,cnki,https://kns.cnki.net/kcms2/article/abstract?v=j0ZbOfXgIAj-2REwzPE4kQzbj7eOQQ_coUQCXr3Taw1a_1ZhESa1yWTNUJQhsPs1_uYYEkEdGSYmaSmnwPlaMOA6ocy6AzWaCXb4ya1i4oK-imlzPeLnfatVSPJMl3d93FcgK1wBVQ4jXenia2PHYtvuWaZexBVlNCn0tpjWaDGpN7FdJ8wfEI8sbHvB8N4g&uniplatform=NZKPT&language=CHS
“以群制群”反无人机集群作战研究动态与展望,,2025,,,cnki,https://kns.cnki.net/kcms2/article/abstract?v=j0ZbOfXgIAjLQtMwX16Iovm3S98Y47A9J74eL952oP9yCORvxmuzlDZzeru3dFJvLqZUtAvFAIVYV_rLU5B-de4chdG5o5ks39nsdmxXWbt1rKpJ3j1nDJKEzOkK3IYE4xzVmImfASHZDDFIOcbkVJ_axDUdZK0mJy6zSsJ0PQ7Uuwvg5hStEw==&uniplatform=NZKPT&language=CHS
基于多智能体深度强化学习的高炮反无人机算法,,2025,,,cnki,https://kns.cnki.net/kcms2/article/abstract?v=j0ZbOfXgIAixJ3C1PBdMn18893qcJJM-ePJoBrqiG-Vpp_8vi44SDO0_aT8EH71Bdt-54aCW-zlzk7KrnFEfti3VOu6H7v4JiKg4NGlK84sQd3fGuEq9sNxlI_qapHePp7zP-tSU_CxTtn6aAw5liC7ndU0RPprfv6RCUn_B_MHjnm1Z4Z2ahg==&uniplatform=NZKPT&language=CHS
人工智能辅助识别下的反无人机对策研究,,2025,,,cnki,https://kns.cnki.net/kcms2/article/abstract?v=j0ZbOfXgIAixJ3C1PBdMn18893qcJJM-ePJoBrqiG-Vd36KgFZQDmcE1r41Co5l5M5ZKk1I90CBEf1656cEwIWh162R96EMtsnuyC3XB_J3dCkc0gd_lwY4NB-SDbnDroJ5ykJR9-A1P1vsfxesYCrooZHsCri2WravHV9ge9dn4kTZ63VDOVw==&uniplatform=NZKPT&language=CHS
反“无人机蜂群”灵巧网电作战新技术,,2025,,,cnki,https://kns.cnki.net/kcms2/article/abstract?v=j0ZbOfXgIAg7RRYr31WLbWWRnHOIvg0E4UbDi0T-8TfqlVDRW-iMtkDTILu6JFQF0qx0TADrKQW02vU_J4MxsGQoj1EW9Owh_qs5mROSdXXjpCdMPGAtwU5_0iwHljXfacQ6lgAvgZNGpmBwtH7WClvHtiNyr8dCa15t-B1xeDcNACZvwVT8Kg==&uniplatform=NZKPT&language=CHS
基于卷积神经网络的反无人机蜂群智能决策算法,,2024,,,cnki,https://kns.cnki.net/kcms2/article/abstract?v=j0ZbOfXgIAg7RRYr31WLbWWRnHOIvg0E4UbDi0T-8TeEmBitOiIE1lWkJ_FgLfGQPu02uF82n5Us7DW0CWOUS9B2qrZfU8qVJE00zVlVwVKrJxsoqzt3YbYsC69bSmszgOYbDkHZz0Nte2zj7uNsgmmlci5Agc2SqJj6N0agIKItrjyoJwrhzg==&uniplatform=NZKPT&language=CHS
反无人机技术综述：通信技术与人工智能的融合,,2024,,,cnki,https://kns.cnki.net/kcms2/article/abstract?v=j0ZbOfXgIAgsZYEMy_ZkuyTUm55dulVz2o7DpUtvTCapxDSK95PvI2H9BxLAMPUTe8isxHeejmIw4ZVJ9tZ-FpomEv6N044Y8k1JdbB8N7g9-gB80cAW__kX25OXFdHmPoo9QUztS3lfjvn94v4tpkQpelDJyuomF_LzB9TqSe6X0G6VlB34Mw==&uniplatform=NZKPT&language=CHS
反无人机战车系统智能化对抗关键技术研究,,,,,cnki,https://kns.cnki.net/kcms2/article/abstract?v=j0ZbOfXgIAgsZYEMy_ZkuyTUm55dulVzC_Su2L6-U_erxPmqc-FdgMrPp43puJsOznRbfz24ZQg8cQeM3fTvWEsk5rbdpgPokFbbV82OEWkbWAC-3IZriw4IJ0q7T9YmgKmKQat89RMeovZqinys4YdjiMO9de09Safix8wOm3eL5iAc8B2uz95mGI9Bl9g-&uniplatform=NZKPT&language=CHS
改进遗传算法的反无人机作战火力分配优化,,2022,,,cnki,https://kns.cnki.net/kcms2/article/abstract?v=j0ZbOfXgIAgsZYEMy_ZkuyTUm55dulVz2o7DpUtvTCbWZhBToES1hCO03ATvHCi3U_nsNqKnxoLYSt4a6ULYHSsS8Bs0c1kJF2UJjy16D95tsljwQhXrnDqwldyI6SJyQt7JQEY-Q2Rj_hFWFojkt7gUAKynPJqScsCgXswIoyb3sGokVYcTDA==&uniplatform=NZKPT&language=CHS
粒子群算法在激光武器反无人机火力分配中的应用,,2021,,,cnki,https://kns.cnki.net/kcms2/article/abstract?v=j0ZbOfXgIAjpSGmPLrnZGnAIgrw6QxW6pIs4VqcwpCiWwgp4Xa-hyEnuM5AMX0OZP5T0iCah0MzTli05QSmb6fIDGFN8FWS22tvVgrEUnEzAUDzRdkODFIfyoiqte9NCtxARDkhHnNqZy2rbFtmUyXLYjUJnZ85YK6xjfNxA2tHqTKsgmR61Jw==&uniplatform=NZKPT&language=CHS
基于DQN的多类型拦截装备复合式反无人机任务分配方法,,2021,,,cnki,https://kns.cnki.net/kcms2/article/abstract?v=j0ZbOfXgIAjpSGmPLrnZGnAIgrw6QxW6pIs4VqcwpChnyqhd6ZzQNhFqFp3swucK7viCmnDolG9PMHp1GWe0gL7I-nSukL9pMcc4lbCD4QRH_mrXYNV8al6g0NZgssOJJ03csYURnnvkqSUCzvGpu68crlsRCfxBY-4cOg_UgPtfsbSQHm4KhQ==&uniplatform=NZKPT&language=CHS
基于深度强化学习的多无人机海上动态目标搜索方法研究,,,,,cnki,https://kns.cnki.net/kcms2/article/abstract?v=j0ZbOfXgIAjnthfD0d4InV7qDIdTqqSc0qzDmh-ancLmFJWscbu9peq0drSjHY2qR0bWpihxEpNzdjsh9Qxs5XT2gwsd38eq4VIW7P5vyWdnFjAW4YaSrVytglxb5FmeajyeXnzLRgjmSDMmm5IV6GafwaNRgPckyDOGfycsnlYZowMfuOTKgEgNsDEbagv3&uniplatform=NZKPT&language=CHS
基于深度强化学习的多无人机协同任务决策与安全运动规划研究,,,,,cnki,https://kns.cnki.net/kcms2/article/abstract?v=j0ZbOfXgIAjnthfD0d4InV7qDIdTqqSc0qzDmh-ancLmFJWscbu9pTXPhA-knacl1ynlndmurEP4jjACPWT3R5n2tddaDW9Kwq-Ull7xXThnDVQKnKqS7B3aTrTMd0cLFKnaksSzUPo5vgVat7Gwsb_8AvQpEhOiFPY1bRFaynnYoQoDZNd1PSnnne1_nZBO&uniplatform=NZKPT&language=CHS
基于深度强化学习的无人机空战决策方法研究,,,,,cnki,https://kns.cnki.net/kcms2/article/abstract?v=j0ZbOfXgIAj_NZ4QhPMvaFhIM8eOfTS6-ErV7LzNfKH7JYCwh2NgaaAhc7P9ZD5-1232zxpCXBl6tz9EQaU_cQc78VFFP_GRKFfavoN4CJSK-sY_HjqiP8tpGFavB7z_rNGYbrHZYIhfi1M-Pnmvf0Naxpn5TX-SOpg9L9PNVWHuDcAJDwjHUYhNFw6u4U1R&uniplatform=NZKPT&language=CHS
面向无人机集群对抗的多智能体深度强化学习策略研究,,,,,cnki,https://kns.cnki.net/kcms2/article/abstract?v=j0ZbOfXgIAj_NZ4QhPMvaFhIM8eOfTS6-ErV7LzNfKH7JYCwh2NgaSR4vT2FTFbdxLVT5q_Lj0jWtizANR5U9RuiI3Lw8r4urcXrMLU3acpN889LiKSAAG7pVjCzXSq9bFa2MDVXei2i5p0wHN72uGDBPRglaAECVZY0O5GTXFZFvQFpLPgZ2V9Ad1fu5jSj&uniplatform=NZKPT&language=CHS
基于深度强化学习的导弹制导律训练效率优化与对抗策略增强研究,,,,,cnki,https://kns.cnki.net/kcms2/article/abstract?v=j0ZbOfXgIAh-ckLl7GgjX56hZJw9dV8rcvf9u53_jlpmSJGHCj3zSaiHmyJxXW8FoMam8-OjjFSdmXwvD1AKhSWnud00dNXPxr19j8MfE1P3JpGg-iTNGB2UTBC-rnYEaTyvIfjUjgOCjUeYgmQtf-t4PBZ2KNvdagszJlPPI9covatn2dAbeviP2kzqTu7r&uniplatform=NZKPT&language=CHS
基于深度强化学习的无人机协同任务规划方法研究,,,,,cnki,https://kns.cnki.net/kcms2/article/abstract?v=j0ZbOfXgIAh-ckLl7GgjX56hZJw9dV8rcvf9u53_jlpmSJGHCj3zSTXopVFG338liqph72CXUa5jm6xIYhrEAK-5YCNew_Kt4jDa3iOyA6X_aXZ7yMecv_Ok4Vvl1tEyKE1W-Xd4jJAjI--LNjMIHoMprBhqnO3E1doobXFQ94OYDFLO2kbAA5LPdNtDAnLy&uniplatform=NZKPT&language=CHS
基于深度强化学习的约束末制导律研究,,,,,cnki,https://kns.cnki.net/kcms2/article/abstract?v=j0ZbOfXgIAgGs7Yp5r8SOp11m2lVyMFw7vERtd6FzDziyQPXdwBjwIMYerM7gdJsuMvXAbaxtgpZ3-S3QvvwdMFy3rGGjEwon8Qgt_gOd31U4XN-SDfRgVY04FZ6RzT6c2hI6ZJCasLtmil-Jk8H2mmOzySFuScFXVGKTxQYQLJdYk5c5iTJ0tKLMX94QLAn&uniplatform=NZKPT&language=CHS
基于作战仿真的导弹深度强化学习突防决策建模研究,,,,,cnki,https://kns.cnki.net/kcms2/article/abstract?v=j0ZbOfXgIAgGs7Yp5r8SOp11m2lVyMFw7vERtd6FzDziyQPXdwBjwIrvuunvu-fPgrxqc-e5gpaohAH5tHyfe_bf3CGBmYTabI0-Y4BEKcKHiPk8mLmvrp7OveL_5tVdT1OPM3F5kjJkyyVLv3D6KDAwA7h9osX7oKbUy0UvHXDyn-AvVk2l2Y-GxVN3CVHz&uniplatform=NZKPT&language=CHS
基于多智能体深度强化学习的多无人机对抗技术研究,,,,,cnki,https://kns.cnki.net/kcms2/article/abstract?v=j0ZbOfXgIAgXy_BzUgoOVKLoCK2B8jATKa7176sJlxDnmqek_t0rJlg6M0DtJh1fO2817SiMYTUv8xwVNXv811EssqZFHLVQccbTbtnJDDP8drPu5bPKA1fY_C7Htyk01TR1Vm0Q6lj9OICnNKnRIx9E3F650t0lnnm_ZsapLtkH90FSxp2WJyK5SpJPw3Sc&uniplatform=NZKPT&language=CHS
一种无人机集群对抗多耦合任务智能决策方法,,2021,,,cnki,https://kns.cnki.net/kcms2/article/abstract?v=j0ZbOfXgIAgXy_BzUgoOVKLoCK2B8jATCcl5eg0F1ClX6cg-TgtBWM28fCclRk573T7NpXl4RRQ1COLzp7E9H8Tu8-bLENKeEAPF1mtBuJRknqNaCnykzJPJp8tEY5I4o9w-EIV-iDwyn1_48mD2l9MlGCazljJjGk44aUwf9KLzTzxzvDeShw==&uniplatform=NZKPT&language=CHS
Reinforcement Learning based Anti-UAV Three-dimensional Pursuit-evasion Game for Substation Security,,2024,,,ieee-xplore,https://ieeexplore.ieee.org/document/10629444/
Game-theoretic decision-making intelligent learning method for anti-UAV protection of power transmission lines,,2024,,,ieee-xplore,https://ieeexplore.ieee.org/document/10627137/
Multidimensional Swarm Flight Approach for Chasing Unauthorized UAVs Leveraging Asynchronous Deep Learning,,2025,,,ieee-xplore,https://ieeexplore.ieee.org/document/11260983/
"Securing the Skies: a Comprehensive Survey on Anti-Uav Methods, Benchmarking, and Future Directions",,2025,,,ieee-xplore,https://ieeexplore.ieee.org/document/11148028/
Research on Command and Control Technology in Small-UAV Defense System,,2021,,,ieee-xplore,https://ieeexplore.ieee.org/document/9719084/
Research on UAV Swarm Confrontation Task Based on MADDPG Algorithm,,2020,,,ieee-xplore,https://ieeexplore.ieee.org/document/9421738/
A Centralized Planning With Decentralized Execution Framework for Counter-UAV Operations in Urban Environments,,2026,,,ieee-xplore,https://ieeexplore.ieee.org/document/11461509/
Reinforcement Learning-Based Multi-UAV Cooperative Jamming in 3D Environments,,2025,,,ieee-xplore,https://ieeexplore.ieee.org/document/11437650/
Deep Reinforcement Learning Applied for Threat Engagement by Loyal Wingmen Drones,,2024,,,ieee-xplore,https://ieeexplore.ieee.org/document/10837749/
"Counter UAV Swarms: Challenges, Considerations, and Future Directions in UAV Warfare",,2025,,,ieee-xplore,https://ieeexplore.ieee.org/document/10648596/
“Lure the Enemy in Deep”: Confronting Rogue UAV Through Diverse Hybrid Jamming,,2025,,,ieee-xplore,https://ieeexplore.ieee.org/document/10962158/
Real-Time Task Allocation for UAV Swarms in Complex Environments via Dynamic Hierarchical Attention GNN (DHA-GNN),,2026,,,ieee-xplore,https://ieeexplore.ieee.org/document/11348992/
Direction Prediction Error-Prioritized Experience Replay (DPE-PER) for Adversarial UAV Interception Under Partial Observability,,2026,,,ieee-xplore,https://ieeexplore.ieee.org/document/11408184/
An UAV Interception Method based on Guidance Law inspired Reinforcement Learning,,2025,,,ieee-xplore,https://ieeexplore.ieee.org/document/11150209/
Perspective-Based Motion Planning for UAV Interception,,2024,,,ieee-xplore,https://ieeexplore.ieee.org/document/10546175/
Reinforcement Learning-Based Countermeasures Against Attacking UAV Swarms,,2023,,,ieee-xplore,https://ieeexplore.ieee.org/document/10257255/
Reinforcement Learning-Based Counter Fixed-Wing Drone System Using GNSS Deception,,2024,,,ieee-xplore,https://ieeexplore.ieee.org/document/10413471/
Order-Based Quantitative Inference for Swarm Drone Estimation in Dynamic Environment,,2024,,,ieee-xplore,https://ieeexplore.ieee.org/document/10963046/
"Energy-Efficient Decentralized AI-RFDE Drone Swarm Defense Using Transformer Perception, DRL Coordination, and Bayesian Risk Modeling",,2025,,,ieee-xplore,https://ieeexplore.ieee.org/document/11337136/
A Context-Aware Cross-Modal Correction and Fusion Network for Anti-Drone Target Recognition,,2026,,10.1007/978-981-95-6736-2_2,springer-link,https://link.springer.com/chapter/10.1007/978-981-95-6736-2_2
Integrating the cat’s eye effect and deep learning for low-altitude target detection,,2025,,10.1631/fitee.2500522,springer-link,https://link.springer.com/article/10.1631/FITEE.2500522
Advanced algorithms for UAV tracking of targets exhibiting start-stop and irregular motion,,2025,,10.1038/s41598-025-13698-6,springer-link,https://link.springer.com/article/10.1038/s41598-025-13698-6
Learning Scalable Task Assignment with Imperative-Priori Conflict Resolution in Multi-UAV Adversarial Swarm Defense Problem,,2024,,10.1007/s11424-024-4029-8,springer-link,https://link.springer.com/article/10.1007/s11424-024-4029-8
LSTM-Based Predictive Leader–Follower Control Scheme for Networked Drones,,2025,,10.1007/978-981-97-9112-5_11,springer-link,https://link.springer.com/chapter/10.1007/978-981-97-9112-5_11
Application of Astronomical Dim Target Processing Algorithm in UAV Detection,,2021,,10.1007/978-981-16-9492-9_200,springer-link,https://link.springer.com/chapter/10.1007/978-981-16-9492-9_200
Security Threats of Unmanned Aerial Vehicles,,2023,,10.1007/978-3-031-33631-7_5,springer-link,https://link.springer.com/chapter/10.1007/978-3-031-33631-7_5
Game-Theoretic Maneuvering Decision-Making for UAV-Mounted High-Energy Laser in Adversarial Aerial Engagements,,2025,,10.1007/978-981-95-3034-2_28,springer-link,https://link.springer.com/chapter/10.1007/978-981-95-3034-2_28
A Real-Time Deep UAV Detection Framework Based on a YOLOv8 Perception Module,,2024,,10.1007/978-3-031-46338-9_14,springer-link,https://link.springer.com/chapter/10.1007/978-3-031-46338-9_14
"The Challenges and Implications of Military Cyber and AI Capabilities in the Middle East: The Geopolitical, Ethical, and Technological Dimensions",,2023,,10.1007/978-3-031-32432-1_4,springer-link,https://link.springer.com/chapter/10.1007/978-3-031-32432-1_4
Solving Reward-Collecting Problems with UAVs: A Comparison of Online Optimization and Q-Learning,,2022,,10.1007/s10846-021-01548-2,springer-link,https://link.springer.com/article/10.1007/s10846-021-01548-2
The Duo of Visual Servoing and Deep Learning-Based Methods for Situation-Aware Disaster Management: A Comprehensive Review,,2024,,10.1007/s12559-024-10290-4,springer-link,https://link.springer.com/article/10.1007/s12559-024-10290-4
Vision-Based Interception of Tethered and Swaying Targets Using Aerial Manipulation,,2023,,10.1007/978-981-19-3951-8_62,springer-link,https://link.springer.com/chapter/10.1007/978-981-19-3951-8_62
Human Factors and AI in UAV Systems: Enhancing Operational Efficiency Through AHP and Real-Time Physiological Monitoring,,2024,,10.1007/s10846-024-02188-y,springer-link,https://link.springer.com/article/10.1007/s10846-024-02188-y
A Multi-agent Reinforcement Learning Framework for Coordinated Multi-UAV Interception Strategies,,2025,,10.1007/978-981-96-2200-9_51,springer-link,https://link.springer.com/chapter/10.1007/978-981-96-2200-9_51
Autonomous UAV Interception via Augmented Adversarial Inverse Reinforcement Learning,,2021,,10.1007/978-981-16-9492-9_205,springer-link,https://link.springer.com/chapter/10.1007/978-981-16-9492-9_205
"UAV Communications with Machine Learning: Challenges, Applications and Open Issues",,2021,,10.1007/s13369-021-05932-w,springer-link,https://link.springer.com/article/10.1007/s13369-021-05932-w
Reinforcement Learning-Based Control for Unmanned Aerial Vehicles,,2018,,10.1007/s41650-018-0029-y,springer-link,https://link.springer.com/article/10.1007/s41650-018-0029-y
Guided Exploration Reinforcement Learning for 3D UAV Pursuit-evasion Games,,2025,,10.1007/s12555-025-0071-0,springer-link,https://link.springer.com/article/10.1007/s12555-025-0071-0
Artificial Intelligence in Drone and Anti-drone Systems: Cutting-Edge Advances and Applications,,2025,,10.1007/978-3-031-86705-7_16,springer-link,https://link.springer.com/chapter/10.1007/978-3-031-86705-7_16
A Few Suggestions to Improve Anti-drone Measures for Combating Against the Drone Menace,,2024,,10.1007/s40032-024-01047-x,springer-link,https://link.springer.com/article/10.1007/s40032-024-01047-x
Guided Exploration Reinforcement Learning for UAV Pursuit-Evasion Games,,2024,,10.1007/978-3-031-70684-4_22,springer-link,https://link.springer.com/chapter/10.1007/978-3-031-70684-4_22
Research on Beyond Visual Range Air Combat Technology Based on Hybrid Decision Models,,2025,,10.1007/978-981-96-2252-8_35,springer-link,https://link.springer.com/chapter/10.1007/978-981-96-2252-8_35
Anti-drone Policy Learning Based on Self-attention Multi-agent Deterministic Policy Gradient,,2021,,10.1007/978-981-16-9492-9_225,springer-link,https://link.springer.com/chapter/10.1007/978-981-16-9492-9_225
UAV Swarms and Their Characteristics,,2026,,10.1007/s10559-026-00861-8,springer-link,https://link.springer.com/article/10.1007/s10559-026-00861-8
Military Drones and the Offense–Defense Balance in Future Wars,,2025,,10.1007/978-3-032-05921-5_7,springer-link,https://link.springer.com/chapter/10.1007/978-3-032-05921-5_7
Autonomous Drone Detection and Classification Using Computer Vision and Prony Algorithm-Based Frequency Feature Extraction,,2025,,10.1007/s10846-024-02216-x,springer-link,https://link.springer.com/article/10.1007/s10846-024-02216-x
An empirical study of PTZ camera-based drone tracking under latency and detector challenges,,2025,,10.1007/s00138-025-01708-6,springer-link,https://link.springer.com/article/10.1007/s00138-025-01708-6
Machine Learning Models for Drone Security: Cognitive Versus Cyber Intelligence for Safety Operations,,2025,,10.1007/978-3-031-80961-3_7,springer-link,https://link.springer.com/chapter/10.1007/978-3-031-80961-3_7
The Future Cyber Threat from Drones Against the United Kingdom’s Key Assets,,2026,,10.1007/978-3-031-96782-5_5,springer-link,https://link.springer.com/chapter/10.1007/978-3-031-96782-5_5
Intelligent Unmanned Air Vehicles for Public Safety Networks: Emerging Technologies and Research Directions,,2022,,10.1007/978-981-19-1292-4_1,springer-link,https://link.springer.com/chapter/10.1007/978-981-19-1292-4_1
Skip to main content,,,,,scopus,https://www.scopus.com/pages/search/publications?searchId=304f52d6-75c2-4e61-aa75-a67373146545#main
"Securing the Skies: a Comprehensive Survey on Anti-Uav Methods, Benchmarking, and Future Directions",,,,,scopus,https://www.scopus.com/pages/publications/105017849204?origin=resultslist
Multidimensional Swarm Flight Approach for Chasing Unauthorized UAVs Leveraging Asynchronous Deep Learning,,,,,scopus,https://www.scopus.com/pages/publications/105022493498?origin=resultslist
Reinforcement Learning based Anti-UAV Three-dimensional Pursuit-evasion Game for Substation Security,,,,,scopus,https://www.scopus.com/pages/publications/85202842919?origin=resultslist
Game-theoretic decision-making intelligent learning method for anti-UAV protection of power transmission lines,,,,,scopus,https://www.scopus.com/pages/publications/85202444473?origin=resultslist
Research on the interference combinational sequence generation algorithm for the intelligent countermeasure UAV | 智能对抗无人机干扰组合序列生成算法研究,,,,,scopus,https://www.scopus.com/pages/publications/85189039032?origin=resultslist
Approximating Nash equilibrium for anti-UAV jamming Markov game using a novel event-triggered multi-agent reinforcement learning,,,,,scopus,https://www.scopus.com/pages/publications/85147844843?origin=resultslist
Skip to main content,,,,,scopus,https://www.scopus.com/pages/search/publications?searchId=8c084ca6-3b3b-4d1b-8cbe-422aeb71cdfe#main
Multi-Agent Deep Reinforcement Learning for Anti-Aircraft Artillery Systems in Counter-UAV Operations | 基于多智能体深度强化学习的高炮反无人机算法,,,,,scopus,https://www.scopus.com/pages/publications/105020960133?origin=resultslist
"Counter UAV Swarms: Challenges, Considerations, and Future Directions in UAV Warfare",,,,,scopus,https://www.scopus.com/pages/publications/86000436192?origin=resultslist
Reinforcement Learning-Based Multi-UAV Cooperative Jamming in 3D Environments,,,,,scopus,https://www.scopus.com/pages/publications/105035767059?origin=resultslist
"""Lure the Enemy in Deep"": Confronting Rogue UAV Through Diverse Hybrid Jamming",,,,,scopus,https://www.scopus.com/pages/publications/105003703955?origin=resultslist
DEEP REINFORCEMENT LEARNING APPLIED FOR THREAT ENGAGEMENT BY LOYAL WINGMEN DRONES,,,,,scopus,https://www.scopus.com/pages/publications/85218199349?origin=resultslist
Solving Reward-Collecting Problems with UAVs: A Comparison of Online Optimization and Q-Learning,,,,,scopus,https://www.scopus.com/pages/publications/85124701993?origin=resultslist
Skip to main content,,,,,scopus,https://www.scopus.com/pages/search/publications?searchId=a57d78dc-753e-4b7a-858a-72e323bbe869#main
Direction Prediction Error-Prioritized Experience Replay (DPE-PER) for Adversarial UAV Interception under Partial Observability,,,,,scopus,https://www.scopus.com/pages/publications/105032154013?origin=resultslist
A Multi-agent Reinforcement Learning Framework for Coordinated Multi-UAV Interception Strategies,,,,,scopus,https://www.scopus.com/pages/publications/105006468300?origin=resultslist
Skip to main content,,,,,scopus,https://www.scopus.com/pages/search/publications?searchId=5ec88f78-b2eb-4c86-8308-8d3921b80e9b#main
"Energy-Efficient Decentralized AI-RFDE Drone Swarm Defense Using Transformer Perception, DRL Coordination, and Bayesian Risk Modeling",,,,,scopus,https://www.scopus.com/pages/publications/105033523568?origin=resultslist
EXPLORING THE POSSIBILITIES OF MADDPG FOR UAV SWARM CONTROL BY SIMULATING IN PAC-MAN ENVIRONMENT | ДОСЛІДЖЕННЯ МОЖЛИВОСТЕЙ MADDPG ДЛЯ КОМАНДНОГО УПРАВЛІННЯ БПЛА ПРИ МОДЕЛЮВАННІ В СЕРЕДОВИЩІ PAC-MAN,,,,,scopus,https://www.scopus.com/pages/publications/105003081838?origin=resultslist
Reinforcement Learning-Based Counter Fixed-Wing Drone System Using GNSS Deception,,,,,scopus,https://www.scopus.com/pages/publications/85183999861?origin=resultslist
Reinforcement Learning-Based Countermeasures Against Attacking UAV Swarms,,,,,scopus,https://www.scopus.com/pages/publications/85174392277?origin=resultslist
Anti-drone Policy Learning Based on Self-attention Multi-agent Deterministic Policy Gradient,,,,,scopus,https://www.scopus.com/pages/publications/85130884769?origin=resultslist
AutoUAVFormer: Neural Architecture Search with Implicit Super-Resolution for Real-Time UAV Aerial Object Detection,,2026,,,proquest-csa,https://www.proquest.com/docview/3340638957/A839F3A41BE14469PQ/1?accountid=16605
A Semantic Segmentation Dataset and Real-Time Localization Model for Anti-UAV Applications,,2025,,,proquest-csa,https://www.proquest.com/docview/3229137939/A839F3A41BE14469PQ/2?accountid=16605
Multi-Agent Reinforcement Learning for Multi-UAV Pursuit with Full Planar Motion and a Limited Detectable Region,,2026,,,proquest-csa,https://www.proquest.com/docview/3334484262/A839F3A41BE14469PQ/3?accountid=16605
Modeling and Simulation of Urban Laser Countermeasures Against Low-Slow-Small UAVs,,2025,,,proquest-csa,https://www.proquest.com/docview/3223895640/A839F3A41BE14469PQ/4?accountid=16605
Dynamic Resource Target Assignment Problem for Laser Systems’ Defense Against Malicious UAV Swarms Based on MADDPG-IA,,2025,,,proquest-csa,https://www.proquest.com/docview/3243963728/A839F3A41BE14469PQ/7?accountid=16605
"Conflict Detection, Resolution, and Collision Avoidance for Decentralized UAV Autonomy: Classical Methods and AI Integration",,2026,,,proquest-csa,https://www.proquest.com/docview/3307467828/A839F3A41BE14469PQ/10?accountid=16605
Physical layer security and covert communication in UAV-ISAC networks: A comprehensive survey,,2025,,,proquest-csa,https://www.proquest.com/docview/3271770148/A839F3A41BE14469PQ/11?accountid=16605
Research on Multi-Modal Fusion Detection Method for Low-Slow-Small UAVs Based on Deep Learning,,2025,,,proquest-csa,https://www.proquest.com/docview/3286273246/A839F3A41BE14469PQ/12?accountid=16605
Detection and Mitigation of Cyber Attacks on UAV Networks,,2026,,,proquest-csa,https://www.proquest.com/docview/3297404800/A839F3A41BE14469PQ/13?accountid=16605
Analysis of High-Power Electromagnetic Pulses Effect on Unmanned Aerial Vehicles,,2026,,,proquest-csa,https://www.proquest.com/docview/3334435298/A839F3A41BE14469PQ/17?accountid=16605
A Lightweight Multi-Module Collaborative Optimization Framework for Detecting Small Unmanned Aerial Vehicles in Anti-Unmanned Aerial Vehicle Systems,,2025,,,proquest-csa,https://www.proquest.com/docview/3297404083/A839F3A41BE14469PQ/18?accountid=16605
"Securing the Skies: A Comprehensive Survey on Anti-UAV Methods, Benchmarking, and Future Directions",,2026,,,proquest-csa,https://www.proquest.com/docview/3323112770/A839F3A41BE14469PQ/20?accountid=16605
"Securing the Skies: A Comprehensive Survey on Anti-UAV Methods, Benchmarking, and Future Directions",,2025,,,proquest-csa,https://www.proquest.com/docview/3303147971/A839F3A41BE14469PQ/21?accountid=16605
Advanced algorithms for UAV tracking of targets exhibiting start-stop and irregular motion,,2025,,,proquest-csa,https://www.proquest.com/docview/3241448898/A839F3A41BE14469PQ/22?accountid=16605
Research Progress and Application of UAV Multi-Sensor Data Fusion Technology,,2025,,,proquest-csa,https://www.proquest.com/docview/3275046803/A839F3A41BE14469PQ/23?accountid=16605
Motion feature extraction using magnocellular-inspired spiking neural networks for drone detection,,2025,,,proquest-csa,https://www.proquest.com/docview/3158235625/A839F3A41BE14469PQ/27?accountid=16605
Reliability analysis of anti-UAV systems: an analytical approach,,2025,,,proquest-csa,https://www.proquest.com/docview/3268924701/A839F3A41BE14469PQ/29?accountid=16605
Multi-Agent Reinforcement Learning for Multi-UAV Pursuit with Full Planar Motion and a Limited Detectable Region,,2026,,,proquest-csa,https://www.proquest.com/docview/3334484262/84B0259271F341E2PQ/2?accountid=16605
Cooperative Encirclement and Obstacle Avoidance of Fixed-Wing UAVs via MADDPG with Curriculum Learning,,2025,,,proquest-csa,https://www.proquest.com/docview/3265860510/84B0259271F341E2PQ/4?accountid=16605
LSTM-Based Early Jamming Threat Detection Scheme for Drone Ad-Hoc Networks,,2026,,,proquest-csa,https://www.proquest.com/docview/3322201604/84B0259271F341E2PQ/5?accountid=16605
Trajectory Planning and Optimisation for Following Drone to Rendezvous Leading Drone by State Estimation with Adaptive Time Horizon,,2025,,,proquest-csa,https://www.proquest.com/docview/3233030526/84B0259271F341E2PQ/6?accountid=16605
Modeling and Simulation of Urban Laser Countermeasures Against Low-Slow-Small UAVs,,2025,,,proquest-csa,https://www.proquest.com/docview/3223895640/84B0259271F341E2PQ/7?accountid=16605
A methodology for constructing the system-of-systems environment to evaluate UAV decision systems,,2026,,,proquest-csa,https://www.proquest.com/docview/3307554796/84B0259271F341E2PQ/8?accountid=16605
Drone Imaging and Sensors for Situational Awareness in Hazardous Environments: A Systematic Review,,2025,,,proquest-csa,https://www.proquest.com/docview/3265913807/84B0259271F341E2PQ/10?accountid=16605
An Intelligent Passive System for UAV Detection and Identification in Complex Electromagnetic Environments via Deep Learning,,2025,,,proquest-csa,https://www.proquest.com/docview/3265860576/84B0259271F341E2PQ/11?accountid=16605
ADG-YOLO: A Lightweight and Efficient Framework for Real-Time UAV Target Detection and Ranging,,2025,,,proquest-csa,https://www.proquest.com/docview/3265860386/84B0259271F341E2PQ/12?accountid=16605
Performance Analysis of Typical Routing Protocols for Flying Ad Hoc Networks Under Different Mobility Models,,2026,,,proquest-csa,https://www.proquest.com/docview/3307481626/84B0259271F341E2PQ/13?accountid=16605
Uncovering drone intentions using control physics informed machine learning,,2024,,,proquest-csa,https://www.proquest.com/docview/2931215895/84B0259271F341E2PQ/15?accountid=16605
Detection and identification drones using long short-term memory and Bayesian optimization,,2025,,,proquest-csa,https://www.proquest.com/docview/3213260091/84B0259271F341E2PQ/18?accountid=16605
Optimization of Unmanned Aerial Vehicle Assisted Communication and Sensing Networks Based on Reinforcement Learning,,2024,,,proquest-csa,https://www.proquest.com/docview/3082500147/84B0259271F341E2PQ/19?accountid=16605
Towards Fully Autonomous Drone Tracking by a Reinforcement Learning Agent Controlling a Pan–Tilt–Zoom Camera,,2024,,,proquest-csa,https://www.proquest.com/docview/3072316244/84B0259271F341E2PQ/20?accountid=16605
Solving Reward-Collecting Problems with UAVs: A Comparison of Online Optimization and Q-Learning,,2022,,,proquest-csa,https://www.proquest.com/docview/2627006651/84B0259271F341E2PQ/21?accountid=16605
Optimization Design of Multi-UAV Communication Network Based on Reinforcement Learning,,2022,,,proquest-csa,https://www.proquest.com/docview/2715338727/84B0259271F341E2PQ/23?accountid=16605
A Lightweight Multi-Module Collaborative Optimization Framework for Detecting Small Unmanned Aerial Vehicles in Anti-Unmanned Aerial Vehicle Systems,,2025,,,proquest-csa,https://www.proquest.com/docview/3297404083/84B0259271F341E2PQ/24?accountid=16605
Deep Learning on Multi Sensor Data for Counter UAV Applications—A Systematic Review,,2019,,,proquest-csa,https://www.proquest.com/docview/2535480462/84B0259271F341E2PQ/25?accountid=16605
Hybrid Machine Learning and Reinforcement Learning Framework for Adaptive UAV Obstacle Avoidance,,2024,,,proquest-csa,https://www.proquest.com/docview/3132818174/84B0259271F341E2PQ/26?accountid=16605
Research on Target Allocation for Hard-Kill Swarm Anti-Unmanned Aerial Vehicle Swarm Systems,,2024,,,proquest-csa,https://www.proquest.com/docview/3132958846/84B0259271F341E2PQ/28?accountid=16605
Deep Reinforcement Learning-Based Guidance Law for Intercepting Low–Slow–Small UAVs,,2025,,,proquest-csa,https://www.proquest.com/docview/3275489859/C5D2D53081FE4DA9PQ/1?accountid=16605
Multi-Agent Reinforcement Learning for Multi-UAV Pursuit with Full Planar Motion and a Limited Detectable Region,,2026,,,proquest-csa,https://www.proquest.com/docview/3334484262/C5D2D53081FE4DA9PQ/2?accountid=16605
A Hierarchical Reinforcement Learning Framework for Multi-Agent Cooperative Maneuver Interception in Dynamic Environments,,2025,,,proquest-csa,https://www.proquest.com/docview/3233227754/C5D2D53081FE4DA9PQ/3?accountid=16605
Multi-UAV Cooperative Pursuit Planning via Communication-Aware Multi-Agent Reinforcement Learning,,2025,,,proquest-csa,https://www.proquest.com/docview/3275489500/C5D2D53081FE4DA9PQ/4?accountid=16605
Modeling and Simulation of Urban Laser Countermeasures Against Low-Slow-Small UAVs,,2025,,,proquest-csa,https://www.proquest.com/docview/3223895640/C5D2D53081FE4DA9PQ/6?accountid=16605
Recent Advances for Generative AI-Enabled Unmanned Aerial Vehicle Systems and Applicable Technologies,,2026,,,proquest-csa,https://www.proquest.com/docview/3334435406/C5D2D53081FE4DA9PQ/7?accountid=16605
GLIDE: Multi-Agent Deep Reinforcement Learning for Coordinated UAV Control in Dynamic Military Environments,,2024,,,proquest-csa,https://www.proquest.com/docview/3097926299/C5D2D53081FE4DA9PQ/8?accountid=16605
UAV Swarm Rounding Strategy Based on Deep Reinforcement Learning Goal Consistency with Multi-Head Soft Attention Algorithm,,2024,,,proquest-csa,https://www.proquest.com/docview/3149571774/C5D2D53081FE4DA9PQ/9?accountid=16605
Deep Reinforcement Learning-Driven Collaborative Rounding-Up for Multiple Unmanned Aerial Vehicles in Obstacle Environments,,2024,,,proquest-csa,https://www.proquest.com/docview/3110454859/C5D2D53081FE4DA9PQ/10?accountid=16605
Interception of a Single Intruding Unmanned Aerial Vehicle by Multiple Missiles Using the Novel EA-MADDPG Training Algorithm,,2024,,,proquest-csa,https://www.proquest.com/docview/3120633392/C5D2D53081FE4DA9PQ/11?accountid=16605
"Holistic Review of UAV-Centric Situational Awareness: Applications, Limitations, and Algorithmic Challenges",,2024,,,proquest-csa,https://www.proquest.com/docview/3098178007/C5D2D53081FE4DA9PQ/12?accountid=16605
Insensitive Mechanism-Based Nonlinear Model Predictive Guidance for UAVs Intercepting Maneuvering Targets with Input Constraints,,2024,,,proquest-csa,https://www.proquest.com/docview/3132958740/C5D2D53081FE4DA9PQ/13?accountid=16605
Mixed-Strategy Harris Hawk Optimization Algorithm for UAV Path Planning and Engineering Applications,,2024,,,proquest-csa,https://www.proquest.com/docview/3132847779/C5D2D53081FE4DA9PQ/15?accountid=16605
A Survey on Machine-Learning Techniques for UAV-Based Communications,,2019,,,proquest-csa,https://www.proquest.com/docview/2535553194/C5D2D53081FE4DA9PQ/16?accountid=16605
Multi-Agent Reinforcement Learning for Multi-UAV Pursuit with Full Planar Motion and a Limited Detectable Region,,2026,,,proquest-csa,https://www.proquest.com/docview/3334484262/59674169F12A4D76PQ/1?accountid=16605
Analysis of High-Power Electromagnetic Pulses Effect on Unmanned Aerial Vehicles,,2026,,,proquest-csa,https://www.proquest.com/docview/3334435298/59674169F12A4D76PQ/2?accountid=16605
A multi-agent reinforcement learning approach for collaborative temperature control in asphalt paving,,2026,,,proquest-csa,https://www.proquest.com/docview/3331890853/59674169F12A4D76PQ/3?accountid=16605
Multi-UAV Cooperative Search in Partially Observable Low-Altitude Environments Based on Deep Reinforcement Learning,,2025,,,proquest-csa,https://www.proquest.com/docview/3286273024/59674169F12A4D76PQ/4?accountid=16605
Dynamic Resource Target Assignment Problem for Laser Systems’ Defense Against Malicious UAV Swarms Based on MADDPG-IA,,2025,,,proquest-csa,https://www.proquest.com/docview/3243963728/59674169F12A4D76PQ/8?accountid=16605
"INTERCEPTOR DRONES: TECHNOLOGICAL, ECONOMIC, OPERATIONAL REQUIREMENTS, CHALLENGES AND PATHS FOR IMPLEMENTATION IN THE ROMANIAN ARMED FORCES",,2025,,,proquest-csa,https://www.proquest.com/docview/3285776148/59674169F12A4D76PQ/11?accountid=16605
FLEDNet: Enhancing the Drone Classification in the Radio Frequency Domain,,2025,,,proquest-csa,https://www.proquest.com/docview/3194571438/59674169F12A4D76PQ/12?accountid=16605
Drone Imaging and Sensors for Situational Awareness in Hazardous Environments: A Systematic Review,,2025,,,proquest-csa,https://www.proquest.com/docview/3265913807/59674169F12A4D76PQ/14?accountid=16605
A Few Suggestions to Improve Anti-drone Measures for Combating Against the Drone Menace,,2024,,,proquest-csa,https://www.proquest.com/docview/3255563925/59674169F12A4D76PQ/15?accountid=16605
Graph Learning of Semantic Relations (GLSR) for Cooperative Multiagent Reinforcement Learning,,2025,,,proquest-csa,https://www.proquest.com/docview/3214377718/59674169F12A4D76PQ/17?accountid=16605
Monthly Power Outage Maintenance Scheduling for Power Grids Based on Interpretable Reinforcement Learning,,2025,,,proquest-csa,https://www.proquest.com/docview/3265899363/59674169F12A4D76PQ/18?accountid=16605
"An overview of anti-drone systems: Technologies, challenges, and future directions",,2026,,,proquest-csa,https://www.proquest.com/docview/3324044132/59674169F12A4D76PQ/20?accountid=16605
Review of Intentional Electromagnetic Interference on UAV Sensor Modules and Experimental Study,,2022,,,proquest-csa,https://www.proquest.com/docview/2642473789/59674169F12A4D76PQ/21?accountid=16605
"Key Enabling Technologies for 6G: The Role of UAVs, Terahertz Communication, and Intelligent Reconfigurable Surfaces in Shaping the Future of Wireless Networks",,2025,,,proquest-csa,https://www.proquest.com/docview/3194618440/59674169F12A4D76PQ/23?accountid=16605
GNSS Drift Correction Control for UAVs in Urban Canyons,,2025,,,proquest-csa,https://www.proquest.com/docview/3234827731/59674169F12A4D76PQ/25?accountid=16605
Emerging Drone Risks and Protective Measures: A Study on the Western Interconnection Electrical Grid,,2025,,,proquest-csa,https://www.proquest.com/docview/3294610415/59674169F12A4D76PQ/27?accountid=16605
Autonomous Drone Detection and Classification Using Computer Vision and Prony Algorithm-Based Frequency Feature Extraction,,2025,,,proquest-csa,https://www.proquest.com/docview/3150992874/59674169F12A4D76PQ/28?accountid=16605
Approximating Nash equilibrium for anti-UAV jamming Markov game using a novel event-triggered multi-agent reinforcement learning,,2023,,,science-direct,https://www.sciencedirect.com/science/article/pii/S0893608022005226
Cooperative decision-making of unmanned aerial vehicles: A multi-agent reinforcement learning approach,,2026,,,science-direct,https://www.sciencedirect.com/science/article/pii/S0952197626002617
Advancing UAV security with artificial intelligence: A comprehensive survey of techniques and future directions,,2024,,,science-direct,https://www.sciencedirect.com/science/article/pii/S2542660524002221
MSFC-Net: Multi-scale feature and contextual fusion network for high-precision UAV detection,,2025,,,science-direct,https://www.sciencedirect.com/science/article/pii/S1110016825011512
AI-driven intrusion detection for UAV in Smart Urban ecosystems: A comprehensive survey,,2026,,,science-direct,https://www.sciencedirect.com/science/article/pii/S0140366426000253
On the construction of effective DRONEWALLS: Technologies and challenges for Counter-UAV systems,,2026,,,science-direct,https://www.sciencedirect.com/science/article/pii/S2941198X25000375
Malicious UAV detection using various modalities,,2024,,,science-direct,https://www.sciencedirect.com/science/article/pii/S2564493924000134
Machine learning for drone detection from images: A review of techniques and challenges,,2025,,,science-direct,https://www.sciencedirect.com/science/article/pii/S0925231225004953
"Frequency-hopping signal detection for anti-drone systems: Summary, challenges, and future prospects",,2026,,,science-direct,https://www.sciencedirect.com/science/article/pii/S1874490726001369
Surveying cybersecurity vulnerabilities and countermeasures for enhancing UAV security,,2024,,,science-direct,https://www.sciencedirect.com/science/article/pii/S1389128624005279
High-precision real-time UAV target recognition based on improved YOLOv4,,2023,,,science-direct,https://www.sciencedirect.com/science/article/pii/S014036642300138X
Developing a custom communication protocol for UAVs: Ground control station and architecture design,,2024,,,science-direct,https://www.sciencedirect.com/science/article/pii/S2542660524002609
"Security analysis of drones systems: Attacks, limitations, and recommendations",,2020,,,science-direct,https://www.sciencedirect.com/science/article/pii/S2542660519302112
An extensive survey on the Internet of Drones,,2021,,,science-direct,https://www.sciencedirect.com/science/article/pii/S1570870521001335
"Internet of drones security: Taxonomies, open issues, and future directions",,2023,,,science-direct,https://www.sciencedirect.com/science/article/pii/S2214209622000997
An enhanced autonomous counter-drone system with jamming and relative positioning capabilities,,2025,,,science-direct,https://www.sciencedirect.com/science/article/pii/S092188902500257X
A methodology for constructing the system-of-systems environment to evaluate UAV decision systems,,2026,,,science-direct,https://www.sciencedirect.com/science/article/pii/S2214914725003113
"A comprehensive survey on security, privacy issues and emerging defence technologies for UAVs",,2023,,,science-direct,https://www.sciencedirect.com/science/article/pii/S1084804523000267
Knowledge mapping and trend identification in UAV-enabled hybrid FSO/RF communication systems,,2025,,,science-direct,https://www.sciencedirect.com/science/article/pii/S2590123025019383
Optimization of high-speed fixed-wing UAV penetration strategy based on deep reinforcement learning,,2024,,,science-direct,https://www.sciencedirect.com/science/article/pii/S1270963824002220
Task assignment in ground-to-air confrontation based on multiagent deep reinforcement learning,,2023,,,science-direct,https://www.sciencedirect.com/science/article/pii/S2214914722000678
Optimizing disaster response with UAV-mounted RIS and HAP-enabled edge computing in 6G networks,,2025,,,science-direct,https://www.sciencedirect.com/science/article/pii/S1084804525001109
Beyond encryption: Exploring the potential of physical layer security in UAV networks,,2023,,,science-direct,https://www.sciencedirect.com/science/article/pii/S1319157823002719
Multi-agent anti-drone architecture using an electromagnetic neutralization assisted by an event-triggered expert system and Blockchain-based approach,,2025,,,science-direct,https://www.sciencedirect.com/science/article/pii/S2468227625002236
"Reinforcement learning for swarm robotics: An overview of applications, algorithms and simulators",,,,,science-direct,https://www.sciencedirect.com/science/article/pii/S2667241323000241
RF-based drone detection and identification using deep learning approaches: An initiative towards a large open source drone database,,2019,,,science-direct,https://www.sciencedirect.com/science/article/pii/S0167739X18330760
GUIDE: GAN-based UAV IDS Enhancement,,2024,,,science-direct,https://www.sciencedirect.com/science/article/pii/S016740482400378X
Optimization and performance analysis of Drones and Unmanned Aerial Systems and Their Intelligence Applications,,2026,,,science-direct,https://www.sciencedirect.com/science/article/pii/S2666307425000440
"Results for ""reinforcement learning"" AND ""anti-UAV""",,,,,web-of-science,https://www.webofscience.com/wos/woscc/summary/d2e04dcf-6c24-4f44-a805-4ce7862fdc00-01b31fe140/42f06fe9-9f1d-4728-939e-d509893a193a-01b31fe13d/relevance/1
"Results for ""reinforcement learning"" AND ""counter-UAV""",,,,,web-of-science,https://www.webofscience.com/wos/woscc/summary/43f41cb0-1da8-4521-af13-68b5844fe529-01b31fe2b4/0b69e5c4-afee-478a-aad1-1b2c360bd4d3-01b31fe2ab/relevance/1
"Results for ""deep reinforcement learning"" AND ""UAV interception""",,,,,web-of-science,https://www.webofscience.com/wos/woscc/summary/1231c7ed-5af9-4817-b5ee-77321da8927b-01b31fe465/7f592de3-baf7-463b-aa19-c0682558449f-01b31fe45f/relevance/1
"Securing the Skies: A Comprehensive Survey on Anti-UAV Methods, Benchmarking, and Future Directions",Yifei Dong; Fengyi Wu; Sanjian Zhang; Guangyu Chen; Yuzhi Hu; Masumi Yano; Jingdong Sun; Siyu Huang; Feng Liu; Qi Dai; Zhi-Qi Cheng,2025,arXiv,,arxiv,https://arxiv.org/abs/2504.11967v4
UAV-Aided Cellular Communications with Deep Reinforcement Learning Against Jamming,Xiaozhen Lu; Liang Xiao; Canhuang Dai; Huaiyu Dai,2018,arXiv,,arxiv,https://arxiv.org/abs/1805.06628v2
Real-Time Bayesian Detection of Drift-Evasive GNSS Spoofing in Reinforcement Learning Based UAV Deconfliction,Deepak Kumar Panda; Weisi Guo,2025,arXiv,,arxiv,https://arxiv.org/abs/2507.11173v1
Agent-Based Anti-Jamming Techniques for UAV Communications in Adversarial Environments: A Comprehensive Survey,Jingpu Yang; Mingxuan Cui; Hang Zhang; Fengxian Ji; Zhengzhao Lai; Yufeng Wang,2025,arXiv,,arxiv,https://arxiv.org/abs/2508.11687v1
Turning Threat into Opportunity: DRL-Powered Anti-Jamming via Energy Harvesting in UAV-Disrupted Channels,Ngoc-Tan Nguyen; Thi-Thu Hoang; Trung-Dung Hoang; Thai-Duong Nguyen,2025,arXiv,,arxiv,https://arxiv.org/abs/2512.08351v1
Resilient Path Planning for UAVs in Data Collection under Adversarial Attacks,Xueyuan Wang; M. Cenk Gursoy,2023,arXiv,10.1109/tifs.2023.3266699,arxiv,https://arxiv.org/abs/2401.08634v1
Multi-Agent Deep Reinforcement Learning for Collaborative UAV Relay Networks under Jamming Atatcks,Thai Duong Nguyen; Ngoc-Tan Nguyen; Thanh-Dao Nguyen; Nguyen Van Huynh; Dinh-Hieu Tran; Symeon Chatzinotas,2025,arXiv,,arxiv,https://arxiv.org/abs/2512.08341v1
Robust Adversarial Attacks Detection based on Explainable Deep Reinforcement Learning For UAV Guidance and Planning,Thomas Hickling; Nabil Aouf; Phillippa Spencer,2022,arXiv,,arxiv,https://arxiv.org/abs/2206.02670v4
A Learning Framework For Cooperative Collision Avoidance of UAV Swarms Leveraging Domain Knowledge,Shuangyao Huang; Haibo Zhang; Zhiyi Huang,2025,arXiv,,arxiv,https://arxiv.org/abs/2507.10913v1
Meta Policy Switching for Secure UAV Deconfliction in Adversarial Airspace,Deepak Kumar Panda; Weisi Guo,2025,arXiv,,arxiv,https://arxiv.org/abs/2506.21127v3
Selfish Cooperation Towards Low-Altitude Economy: Integrated Multi-Service Deployment with Resilient Federated Reinforcement Learning,Yuxuan Yang; Bin Lyu; Abbas Jamalipour,2026,arXiv,,arxiv,https://arxiv.org/abs/2603.04779v1
Learning Approach to Efficient Vision-based Active Tracking of a Flying Target by an Unmanned Aerial Vehicle,Jagadeswara PKV Pothuri; Aditya Bhatt; Prajit KrisshnaKumar; Manaswin Oddiraju; Souma Chowdhury,2025,arXiv,,arxiv,https://arxiv.org/abs/2506.18264v2
ORCHID: Fairness-Aware Orchestration in Mission-Critical Air-Ground Integrated Networks,Chuan-Chi Lai; Chi Jai Choy,2026,arXiv,,arxiv,https://arxiv.org/abs/2602.09994v1
Secure Low-altitude Maritime Communications via Intelligent Jamming,Jiawei Huang; Aimin Wang; Geng Sun; Jiahui Li; Jiacheng Wang; Weijie Yuan; Dusit Niyato; Xianbin Wang,2025,arXiv,,arxiv,https://arxiv.org/abs/2511.06659v1
Reinforcement learning reward function in unmanned aerial vehicle control tasks,Mikhail S. Tovarnov; Nikita V. Bykov,2022,arXiv,10.1088/1742-6596/2308/1/012004,arxiv,https://arxiv.org/abs/2203.10519v1
Securing Integrated Sensing and Communication Against a Mobile Adversary: A Stackelberg Game with Deep Reinforcement Learning,Milad Tatar Mamaghani; Xiangyun Zhou; Nan Yang; A. Lee Swindlehurst,2025,arXiv,10.1109/jsac.2025.3611404,arxiv,https://arxiv.org/abs/2501.02271v2
Evader-Agnostic Team-Based Pursuit Strategies in Partially-Observable Environments,Addison Kalanther; Daniel Bostwick; Chinmay Maheshwari; Shankar Sastry,2025,arXiv,,arxiv,https://arxiv.org/abs/2511.05812v1
Low-Altitude Security UAV Detection: Fusing Generative Augmentation with Hypergraph Computing,,2026,,10.1145/3807246.3807363,acm-dl,https://dl.acm.org/doi/10.1145/3807246.3807363
Research on UAV Anti-Multi-type Interferences Strategy Based on Improved Q-Learning,,2021,,10.1145/3473465.3473484,acm-dl,https://dl.acm.org/doi/10.1145/3473465.3473484
"Machine Learning Applications in Internet-of-Drones: Systematic Review, Recent Deployments, and Open Issues",,,,10.1145/3571728,acm-dl,https://dl.acm.org/doi/10.1145/3571728
Secure UAV (Drone) and the Great Promise of AI,,,,10.1145/3673225,acm-dl,https://dl.acm.org/doi/10.1145/3673225
Towards DO-178C certification of adaptive learning UAV agents designed with a cognitive architecture,,,,10.1145/3377812.3381398,acm-dl,https://dl.acm.org/doi/10.1145/3377812.3381398
UAV Path Planning for Breaking Through Jamming Zones Based on Artificial Potential Field,,2026,,10.1145/3807211.3807220,acm-dl,https://dl.acm.org/doi/10.1145/3807211.3807220
Escorting the Confidentiality and Integrity of UAVs: What Exactly Can Trusted Execution Environment Offer?,,,,10.1145/3763788,acm-dl,https://dl.acm.org/doi/10.1145/3763788
Detection and Tracking of Drone Swarms using LiDAR,,,,10.1145/3711875.3729156,acm-dl,https://dl.acm.org/doi/10.1145/3711875.3729156
